Arno-Holz-Allee 11	94547	Iggensbach	+49 9903 5486 10	+49 9903 5486 59
Dunantring 41F	08541	Theuma	+49 3741 47362 10	+49 3741 47362 59
Tolkewitzer Straße 30e	55483	Schlierschied	+49 6765 59736 10	+49 6765 59736 59
Ingelheimer Straße 19e	85778	Haimhausen	+49 8133 77935 10	+49 8133 77935 59
Rautenbergstraße 48b	54662	Speicher	+49 6562 96257 10	+49 6562 96257 59
Steinhauerdamm 36	54655	Sankt Thomas	+49 6563 96480 10	+49 6563 96480 59
Lietbargredder 11A	23992	Züsow	+49 38422 8639 10	+49 38422 8639 59
Heinrichsstraße 31b	97355	Castell	+49 9325 3912 10	+49 9325 3912 59
Miquelallee 31b	53498	Waldorf	+49 2636 18099 10	+49 2636 18099 59
Jean-Gardner-Batten-Straße 41b	67808	Mörsfeld	+49 6358 76534 10	+49 6358 76534 59
Riedhalsstraße 20A	39317	Elbe-Parey	+49 5973 6233 10	+49 5973 6233 59
Bleichanger 45D	01109	Dresden	+49 351 65212 10	+49 351 65212 59
Bergstieg 37A	19294	Karenz	+49 38750 1346 10	+49 38750 1346 59
Am Alten Elbarm 46c	56767	Mosbruch	+49 2692 2131 10	+49 2692 2131 59
Mövenstraße 15c	55758	Sien	+49 30 236580 10	+49 30 236580 59
Schönborner Straße 20E	08141	Reinsdorf	+49 37603 4797 10	+49 37603 4797 59
Georg-Nerlich-Straße 2B	53579	Erpel	+49 2644 40630 10	+49 2644 40630 59
Landrichterstraße 33	37079	Göttingen	+49 551 38472 10	+49 551 38472 59
Dorfplatz 32f	18246	Rühn	+49 38462 1583 10	+49 38462 1583 59
Striesener Straße 24F	54314	Zerf	+49 6587 84599 10	+49 6587 84599 59
Geibelstraße 38	93107	Thalmassing	+49 9453 93645 10	+49 9453 93645 59
Theodor-Haubach-Weg 22A	03149	Wiesengrund	+49 3774 14347 10	+49 3774 14347 59
Ostrauer Straße 36b	89435	Finningen	+49 9074 42747 10	+49 9074 42747 59
Stralsunder Weg 8a	56203	Höhr-Grenzhausen	+49 2624 92197 10	+49 2624 92197 59
Häfnergasse 26d	18181	Graal-Müritz	+49 5402 96349 10	+49 5402 96349 59
Amalienstraße 24c	36148	Kalbach	+49 9742 48356 10	+49 9742 48356 59
Lönsstraße 32B	98529	Suhl	+49 3681 3529 10	+49 3681 3529 59
Bernhard-von-Lindenau-Platz 32H	08236	Ellefeld	+49 3745 21098 10	+49 3745 21098 59
Papyrusweg 31	23898	Klinkrade	+49 4536 72438 10	+49 4536 72438 59
Fährgasse 14a	03058	Neuhausen/Spree	+49 7736 68730 10	+49 7736 68730 59
Louis-Braille-Straße 32C	36381	Schlüchtern	+49 6661 60249 10	+49 6661 60249 59
Bertha-von-Suttner-Ring 33	25832	Kotzenbüll	+49 4861 89448 10	+49 4861 89448 59
Holzgraben 7B	74936	Siegelsbach	+49 7264 80931 10	+49 7264 80931 59
Am Lindenbaum 41B	57629	Lochum	+49 2666 48104 10	+49 2666 48104 59
Hofwiese 19d	63486	Bruchköbel	+49 6181 42731 10	+49 6181 42731 59
Amselgrund 28e	86704	Tagmersheim	+49 9094 88193 10	+49 9094 88193 59
Trimbergstraße 11A	39128	Magdeburg	+49 391 88619 10	+49 391 88619 59
Veteranenstraße 24	39106	Magdeburg	+49 391 62062 10	+49 391 62062 59
Werkstättenstraße 29f	76137	Karlsruhe	+49 721 98239 10	+49 721 98239 59
Heiligkreuzgasse 11b	78592	Egesheim	+49 7429 81899 10	+49 7429 81899 59
Leutewitzer Straße 30	17322	Rossow	+49 39743 1346 10	+49 39743 1346 59
Brunnenstraße 22E	45529	Hattingen	+49 2324 5475 10	+49 2324 5475 59
Grenzstraße 36b	75392	Deckenpfronn	+49 7056 6232 10	+49 7056 6232 59
Anspacher Straße 35e	15913	Byhleguhre-Byhlen	+49 89 631791 10	+49 89 631791 59
Babenberger Ring 27E	23883	Lehmrade	+49 4542 97692 10	+49 4542 97692 59
Sonninstraße 3	25551	Hohenlockstedt	+49 4826 73093 10	+49 4826 73093 59
Am Teich 32	75417	Mühlacker	+49 7041 98493 10	+49 7041 98493 59
Mohnstraße 35F	85395	Nandlstadt	+49 6247 5984 10	+49 6247 5984 59
Stalburgstraße 22A	72294	Grömbach	+49 7453 27636 10	+49 7453 27636 59
Elise-Averdieck-Straße 34	25836	Vollerwiek	+49 4862 21787 10	+49 4862 21787 59
Hardenbergstraße 43G	17392	Sarnow	+49 39722 215 10	+49 39722 215 59
Moorfleeter Deich 22	97285	Tauberrettersheim	+49 9338 64758 10	+49 9338 64758 59
Spreewalder Straße 8d	26605	Aurich	+49 4941 91887 10	+49 4941 91887 59
Wichernstraße 38E	24253	Passade	+49 4344 38398 10	+49 4344 38398 59
Gustav-Stroh-Straße 4	55116	Mainz	+49 6131 32763 10	+49 6131 32763 59
Brockhausweg 1A	13469	Berlin	+49 30 546225 10	+49 30 546225 59
Weststraße 39a	79194	Heuweiler	+49 7666 94298 10	+49 7666 94298 59
Bartholomäusgasse 40g	85134	Stammham	+49 8405 91292 10	+49 8405 91292 59
Max-Pruss-Straße 46E	73441	Bopfingen	+49 7362 8192 10	+49 7362 8192 59
Blaubeerweg 5c	67745	Grumbach	+49 6382 28541 10	+49 6382 28541 59
Karl-Gerold-Platz 26B	65599	Dornburg	+49 6436 94535 10	+49 6436 94535 59
Diagonalstraße 24D	29494	Trebel	+49 5848 89195 10	+49 5848 89195 59
Prinzenweg 13d	72639	Neuffen	+49 7025 8701 10	+49 7025 8701 59
Obere Schildstraße 44e	33739	Bielefeld	+49 521 56040 10	+49 521 56040 59
Mansfelder Straße 13E	25376	Borsfleth	+49 4824 4517 10	+49 4824 4517 59
Chattenweg 21	84570	Polling	+49 8631 9887 10	+49 8631 9887 59
Münsterer Weg 42B	67688	Rodenbach	+49 6374 94794 10	+49 6374 94794 59
Oltersteinweg 14C	30161	Hannover	+49 511 47584 10	+49 511 47584 59
Mühlsteinstraße 11C	79232	March	+49 7665 96857 10	+49 7665 96857 59
Kunigundenruhstraße 8	37318	Wüstheuterode	+49 36087 3598 10	+49 36087 3598 59
Am Hausberg 33a	91456	Diespeck	+49 9161 62039 10	+49 9161 62039 59
Welzelstraße 44g	14778	Päwesin	+49 33838 4448 10	+49 33838 4448 59
Agnes-Schwanfelderstraße 31a	56357	Oberwallmenach	+49 6772 92897 10	+49 6772 92897 59
Balduinstraße 1b	18442	Steinhagen	+49 38461 4410 10	+49 38461 4410 59
Meißner Straße 30b	54552	Steiningen	+49 6573 83549 10	+49 6573 83549 59
Villacher Straße 20a	57537	Selbach (Sieg)	+49 2742 69494 10	+49 2742 69494 59
Kurzegasse 2c	94166	Stubenberg	+49 8571 40993 10	+49 8571 40993 59
Kurt-Tucholsky-Straße 16h	97513	Michelau i.Steigerwald	+49 9382 22398 10	+49 9382 22398 59
Untere Königsstraße 10a	24398	Brodersby	+49 4644 2934 10	+49 4644 2934 59
Kindleinseiche 39a	56479	Rehe	+49 2664 9131 10	+49 2664 9131 59
Pirnaischer Platz 1A	39615	Altmärkische Wische	+49 9129 2940 10	+49 9129 2940 59
Maybachstraße 14A	85247	Schwabhausen	+49 8138 75836 10	+49 8138 75836 59
Eichstraße 33D	69245	Bammental	+49 6223 86993 10	+49 6223 86993 59
Altdobritz 8g	25572	Ecklak	+49 4825 4213 10	+49 4825 4213 59
Kuckuckssteig 2	66646	Marpingen	+49 6853 85696 10	+49 6853 85696 59
Florianstraße 45H	88416	Steinhausen an der Rottum	+49 7352 6111 10	+49 7352 6111 59
Richard-Bernhardt-Weg 26c	76661	Philippsburg	+49 7256 9452 10	+49 7256 9452 59
Heitmanns Weg 9B	02763	Bertsdorf-Hörnitz	+49 3583 56040 10	+49 3583 56040 59
Fritzlarer Straße 35d	79685	Häg-Ehrsberg	+49 7625 2198 10	+49 7625 2198 59
Heiligenstockweg 43D	19069	Klein Trebbow	+49 385 20073 10	+49 385 20073 59
Fuchsloch 31f	94522	Wallersdorf	+49 9933 63993 10	+49 9933 63993 59
Im Rosenträger 50e	59846	Sundern	+49 2933 9229 10	+49 2933 9229 59
In der Fuchskaut 40a	67816	Standenbühl	+49 6357 3388 10	+49 6357 3388 59
Magazinstraße 6a	79258	Hartheim am Rhein	+49 7633 91594 10	+49 7633 91594 59
Kurmainzer Straße 7G	23827	Wensin	+49 4559 79793 10	+49 4559 79793 59
Hirtenstraße 36B	82293	Mittelstetten	+49 8202 69394 10	+49 8202 69394 59
Franz-Ludwig-Straße 16A	26901	Rastdorf	+49 5956 31007 10	+49 5956 31007 59
Schellenbergerstraße 5A	84533	Stammham	+49 8678 59195 10	+49 8678 59195 59
Laubestraße 2D	91596	Burk	+49 9852 6161 10	+49 9852 6161 59
Kronstädter Platz 15D	08223	Werda	+49 37463 1293 10	+49 37463 1293 59
Schäfers Gärten 18A	88167	Grünenbach	+49 8383 64142 10	+49 8383 64142 59
Stettenstraße 25E	37186	Moringen	+49 5554 4970 10	+49 5554 4970 59
Kurhausstraße 44d	55234	Erbes-Büdesheim	+49 6731 89135 10	+49 6731 89135 59
Harthaer Straße 1d	56581	Kurtscheid	+49 2634 9463 10	+49 2634 9463 59
Amtsgasse 9e	55278	Uelversheim	+49 6249 6765 10	+49 6249 6765 59
Julius-Heyman-Straße 28	14542	Werder (Havel)	+49 3327 50697 10	+49 3327 50697 59
Anckelmannstraße 49	54552	Mehren	+49 6592 71465 10	+49 6592 71465 59
Michael Urient-Gasse 34c	06408	Ilberstedt	+49 3471 2053 10	+49 3471 2053 59
Am Fährhaus 16c	73037	Göppingen	+49 7161 30539 10	+49 7161 30539 59
Boxdorfer Weg 11E	67742	Deimberg	+49 6387 41348 10	+49 6387 41348 59
Pflugweg 39B	93073	Neutraubling	+49 9401 52926 10	+49 9401 52926 59
Kurhessenstraße 31	58642	Iserlohn	+49 2371 5654 10	+49 2371 5654 59
Willmannstraße 31d	94360	Mitterfels	+49 9961 54944 10	+49 9961 54944 59
Augsburger Straße 25a	06528	Edersleben	+49 3464 25896 10	+49 3464 25896 59
Gummersbergstraße 12f	39114	Magdeburg	+49 391 835232 10	+49 391 835232 59
Gebrüder-Grimm-Weg 6a	74869	Schwarzach	+49 6262 80838 10	+49 6262 80838 59
Am Goldenen Stiefel 41b	09456	Mildenau	+49 3733 55746 10	+49 3733 55746 59
Mühlfeld 12d	91567	Herrieden	+49 9825 5093 10	+49 9825 5093 59
Caracasweg 21a	12161	Berlin	+49 30 565862 10	+49 30 565862 59
Wollnerstraße 32e	88605	Sauldorf	+49 7777 2689 10	+49 7777 2689 59
Friedrich-Karl-Klausing-Straße 41f	58511	Lüdenscheid	+49 2351 65621 10	+49 2351 65621 59
Große Rittergasse 14H	24791	Neu Duvenstedt	+49 4338 68133 10	+49 4338 68133 59
Bleiweißstraße 19D	97243	Bieberehren	+49 9338 99991 10	+49 9338 99991 59
Hetzerstraße 19E	26386	Wilhelmshaven	+49 4421 69772 10	+49 4421 69772 59
Anton-Schuster-Straße 23e	70437	Stuttgart	+49 711 320692 10	+49 711 320692 59
Ginsterweg 24e	37318	Arenshausen	+49 36081 8437 10	+49 36081 8437 59
Brooksdamm 37	76889	Schweighofen	+49 6342 9223 10	+49 6342 9223 59
Schneckengasse 42	71116	Gärtringen	+49 7034 94801 10	+49 7034 94801 59
Untere Hafnerstraße 24B	34311	Naumburg	+49 5625 63027 10	+49 5625 63027 59
Dülferstraße 30	08606	Bösenbrunn	+49 37421 448 10	+49 37421 448 59
Mühlangergasse 48c	54570	Pelm	+49 6591 40037 10	+49 6591 40037 59
Stangstraße 17C	37318	Freienhagen	+49 36083 592 10	+49 36083 592 59
Gohrischstraße 3E	30827	Garbsen	+49 5131 5602 10	+49 5131 5602 59
Rodheimer Straße 15	94428	Eichendorf	+49 9952 83848 10	+49 9952 83848 59
Liegnitzer Straße 27B	57584	Wallmenroth	+49 2741 18298 10	+49 2741 18298 59
Kirschensteg 24e	76889	Vorderweidenthal	+49 6398 49137 10	+49 6398 49137 59
Hallesche Straße 19D	23562	Lübeck	+49 451 93197 10	+49 451 93197 59
Alter Jagdweg 16g	06618	Wethau	+49 3445 23996 10	+49 3445 23996 59
Weddestraße 28B	34471	Volkmarsen	+49 5693 89340 10	+49 5693 89340 59
Tidekanalbrücke 49H	97953	Königheim	+49 9340 88138 10	+49 9340 88138 59
Klosterlehen 37	66917	Wallhalben	+49 6375 47048 10	+49 6375 47048 59
Jahnring 43b	63906	Erlenbach am Main	+49 9372 92845 10	+49 9372 92845 59
Julius-Campe-Weg 25	54552	Sarmersbach	+49 6592 6150 10	+49 6592 6150 59
Zwischen den Hecken 32e	78359	Orsingen-Nenzingen	+49 7771 63643 10	+49 7771 63643 59
Alstertwiete 33	55767	Siesbach	+49 6781 51593 10	+49 6781 51593 59
Wundtstraße 40A	54655	Malberg	+49 2735 90092 10	+49 2735 90092 59
Marsdorfer Hauptstraße 50c	96191	Viereth-Trunstadt	+49 9503 64737 10	+49 9503 64737 59
Katzensprung 42A	25355	Bevern	+49 4123 91749 10	+49 4123 91749 59
Buhnenstraße 30D	38477	Jembke	+49 5366 43630 10	+49 5366 43630 59
Kapitän-Lehmann-Straße 15d	78661	Dietingen	+49 741 897882 10	+49 741 897882 59
An der Sonnenlehne 2f	95361	Ködnitz	+49 9221 88615 10	+49 9221 88615 59
Ingeborg-Bachmann-Straße 25D	93105	Tegernheim	+49 9403 58890 10	+49 9403 58890 59
Am Schiffbeker Berg 12B	57537	Wissen	+49 2742 77834 10	+49 2742 77834 59
Genslerweg 47F	06632	Freyburg (Unstrut)	+49 34464 1551 10	+49 34464 1551 59
Berggasse 13F	23911	Mustin	+49 4546 89094 10	+49 4546 89094 59
Kramergasse 20F	55767	Niederhambach	+49 6787 62730 10	+49 6787 62730 59
Rosental 45A	37318	Schönhagen	+49 36083 3292 10	+49 36083 3292 59
An der Schwarzbachmühle 26	54552	Schalkenmehren	+49 6592 9583 10	+49 6592 9583 59
Claviusstraße 32g	90427	Nürnberg	+49 911 92796 10	+49 911 92796 59
Laschoberstraße 12b	45894	Gelsenkirchen	+49 209 50964 10	+49 209 50964 59
Rotkäppchenweg 50b	25923	Uphusum	+49 4663 90497 10	+49 4663 90497 59
Farnweg 45A	21380	Artlenburg	+49 4153 5926 10	+49 4153 5926 59
Pestalozzistraße 1a	74369	Löchgau	+49 7143 85298 10	+49 7143 85298 59
Snitgerreihe 26a	53505	Altenahr	+49 2643 80449 10	+49 2643 80449 59
Liliencronstraße 27	56823	Büchel	+49 2678 83093 10	+49 2678 83093 59
Wildbergstraße 16	17166	Teterow	+49 3996 1251 10	+49 3996 1251 59
Großsedlitzer Weg 34G	69509	Mörlenbach	+49 6209 28490 10	+49 6209 28490 59
Höhenpromenade 30c	66359	Bous	+49 6834 78936 10	+49 6834 78936 59
Münsterer Weg 32f	76835	Gleisweiler	+49 6345 9538 10	+49 6345 9538 59
Wilhelm-Busch-Straße 29g	56843	Starkenburg	+49 6541 8670 10	+49 6541 8670 59
Mombacher Weg 38a	56814	Faid	+49 2671 2344 10	+49 2671 2344 59
Dückergasse 17b	56462	Höhn	+49 2661 93331 10	+49 2661 93331 59
Am Hofgut 39d	64287	Darmstadt	+49 6151 4933 10	+49 6151 4933 59
Margaritenweg 15	92274	Gebenbach	+49 9622 83889 10	+49 9622 83889 59
Elise-Averdieck-Straße 2E	60308	Frankfurt am Main	+49 69 756574 10	+49 69 756574 59
Wettiner Platz 43f	26937	Stadland	+49 4734 57093 10	+49 4734 57093 59
Schwarzenbergstraße 31B	21039	Escheburg	+49 4152 90206 10	+49 4152 90206 59
Manderscheider Straße 23a	94535	Eging a.See	+49 8544 59140 10	+49 8544 59140 59
Heinrich-Baldes-Straße 39A	83131	Nußdorf am Inn	+49 8034 50849 10	+49 8034 50849 59
Weidentalstraße 46	26810	Westoverledingen	+49 4955 98249 10	+49 4955 98249 59
Loreleistraße 7b	72336	Balingen	+49 7433 9074 10	+49 7433 9074 59
Billstedter Mühlenweg 18F	97348	Willanzheim	+49 9326 2872 10	+49 9326 2872 59
Thomas-Müntzer-Platz 15	17179	Finkenthal	+49 39971 162 10	+49 39971 162 59
Nagelsförst 17c	54597	Strickscheid	+49 6556 89969 10	+49 6556 89969 59
Heidelberger Straße 21C	23738	Damlos	+49 4363 85436 10	+49 4363 85436 59
Hohenfelder Straße 12B	83673	Bichl	+49 8857 77897 10	+49 8857 77897 59
Raugasse 45c	17089	Siedenbollentin	+49 3969 52147 10	+49 3969 52147 59
Brendelweg 47E	27804	Berne	+49 4406 2526 10	+49 4406 2526 59
Preystraße 4e	49637	Menslage	+49 5437 2526 10	+49 5437 2526 59
Bernhard-Mannfeld-Weg 24a	67308	Lautersheim	+49 6351 99992 10	+49 6351 99992 59
Waldteichstraße 41F	17268	Milmersdorf	+49 39886 4838 10	+49 39886 4838 59
Karl-Perotte-Straße 4	39326	Loitsche-Heinrichsberg	+49 8784 77434 10	+49 8784 77434 59
An der Mannsfaut 38C	17089	Grischow	+49 3969 51348 10	+49 3969 51348 59
Stangenweg 6C	91717	Wassertrüdingen	+49 9832 3363 10	+49 9832 3363 59
Glockengießerwall 1g	54518	Bruch	+49 6578 2675 10	+49 6578 2675 59
Prießnitzstraße 44	18276	Klein Upahl	+49 38458 2293 10	+49 38458 2293 59
Waisenstieg 43E	53474	Bad Neuenahr-Ahrweiler	+49 2641 82795 10	+49 2641 82795 59
Brockhausstraße 36f	37213	Witzenhausen	+49 5542 61164 10	+49 5542 61164 59
Fanny Elßler-Gasse 28a	49205	Hasbergen	+49 5405 93033 10	+49 5405 93033 59
Franziskanergasse 42b	67435	Deidesheim	+49 4194 68442 10	+49 4194 68442 59
Wilthener Straße 40d	86676	Ehekirchen	+49 8435 69998 10	+49 8435 69998 59
Am Rathaus 34E	24211	Preetz	+49 4342 20140 10	+49 4342 20140 59
Antonin-Dvorak-Straße 18	57520	Emmerzhausen	+49 2743 76330 10	+49 2743 76330 59
Mammolshainer Straße 47B	71672	Ludwigsburg	+49 39748 1330 10	+49 39748 1330 59
Defreggerstraße 48	04668	Parthenstein	+49 34293 6633 10	+49 34293 6633 59
Falkensteiner Straße 40F	34477	Twistetal	+49 5695 75295 10	+49 5695 75295 59
Am Maisfeld 49C	55234	Ober-Flörsheim	+49 6735 77661 10	+49 6735 77661 59
Köttewitzer Straße 45B	91637	Wörnitz	+49 9868 89148 10	+49 9868 89148 59
Renkfeldweg 22E	21514	Witzeeze	+49 4155 49380 10	+49 4155 49380 59
An der Sägemühle 48e	85435	Erding	+49 8122 56935 10	+49 8122 56935 59
Langfurchweg 7g	71691	Freiberg am Neckar	+49 7141 37596 10	+49 7141 37596 59
Orber Straße 19A	88353	Kißlegg	+49 7563 93894 10	+49 7563 93894 59
Ziegenhainer Straße 11E	23715	Bosau	+49 4527 78264 10	+49 4527 78264 59
Hohenlohestraße 13c	94344	Wiesenfelden	+49 9966 78334 10	+49 9966 78334 59
Am Hahnweg 21a	88454	Hochdorf	+49 7355 7984 10	+49 7355 7984 59
Elise-Averdieck-Straße 33A	10709	Berlin	+49 30 200035 10	+49 30 200035 59
Hauskoppel 22g	55483	Kappel	+49 6763 9397 10	+49 6763 9397 59
Marsdorfer Straße 5c	69117	Heidelberg	+49 6221 3279 10	+49 6221 3279 59
Hans-Oster-Straße 10b	41189	Mönchengladbach	+49 2161 68392 10	+49 2161 68392 59
Liesel-Christ-Anlage 20c	02694	Großdubrau - Wulka Dubrawa	+49 35934 6986 10	+49 35934 6986 59
An der Alster 3	37339	Wehnde	+49 36071 9440 10	+49 36071 9440 59
Lorenzengasse 50a	86704	Tagmersheim	+49 9094 85932 10	+49 9094 85932 59
Südhöhe 7C	09128	Chemnitz	+49 371 676058 10	+49 371 676058 59
Verbindungstraße 40e	01734	Rabenau	+49 351 316337 10	+49 351 316337 59
Guts-Muths-Straße 20B	82281	Egenhofen	+49 8145 48432 10	+49 8145 48432 59
Friedrich-Kahl-Straße 5G	34474	Diemelstadt	+49 5694 65544 10	+49 5694 65544 59
Kaiserallee 40c	34117	Kassel	+49 561 98594 10	+49 561 98594 59
Große Spillingsgasse 16	17194	Moltzow	+49 39953 8139 10	+49 39953 8139 59
Adalbert-Stifter-Straße 5E	39596	Hohenberg-Krusemark	+49 39394 8043 10	+49 39394 8043 59
Regerstraße 43A	06502	Thale	+49 3947 20282 10	+49 3947 20282 59
Polierstraße 9a	10243	Berlin	+49 30 682387 10	+49 30 682387 59
Willy-Brandt-Platz 43e	89522	Heidenheim an der Brenz	+49 7321 3553 10	+49 7321 3553 59
Erich-Ponto-Straße 32A	87640	Biessenhofen	+49 8341 9617 10	+49 8341 9617 59
Winkelstraße 13c	84508	Burgkirchen an der Alz	+49 8679 81730 10	+49 8679 81730 59
Reitschule 28A	93093	Donaustauf	+49 9403 58299 10	+49 9403 58299 59
Brendelweg 12b	55487	Niedersohren	+49 6543 88199 10	+49 6543 88199 59
Eichengasse 47a	21398	Neetze	+49 5850 2511 10	+49 5850 2511 59
Herweghstraße 17B	06632	Gleina	+49 34464 660 10	+49 34464 660 59
Hainer Weg 41D	89171	Illerkirchberg	+49 7346 40614 10	+49 7346 40614 59
Herbert-Collum-Straße 43B	65462	Ginsheim-Gustavsburg	+49 6144 4019 10	+49 6144 4019 59
Im Kohlacker 49A	94158	Philippsreut	+49 8550 2482 10	+49 8550 2482 59
Katharinenstraße 13e	54413	Damflos	+49 6503 58833 10	+49 6503 58833 59
Wilhelm-Meiß-Straße 4f	25842	Lütjenholm	+49 4672 21196 10	+49 4672 21196 59
Elbhangstraße 14D	04821	Brandis	+49 34292 2544 10	+49 34292 2544 59
Zum Birkhübel 47D	45277	Essen	+49 201 845280 10	+49 201 845280 59
Josef-Wirmer-Straße 40E	87629	Füssen	+49 8362 88031 10	+49 8362 88031 59
Polenzstraße 15	56332	Brodenbach	+49 2605 55740 10	+49 2605 55740 59
Böschenweg 37C	92436	Bruck i.d.OPf.	+49 9434 9685 10	+49 9434 9685 59
Lilienweg 22A	66538	Neunkirchen	+49 6821 40244 10	+49 6821 40244 59
Rhonestraße 24	14979	Großbeeren	+49 33701 4135 10	+49 33701 4135 59
Kramergasse 39c	82435	Bad Bayersoien	+49 8845 75995 10	+49 8845 75995 59
Im Enkheimer Weimerhaus 14E	79215	Elzach	+49 7682 67036 10	+49 7682 67036 59
Am Stadtrand 39B	08315	Lauter-Bernsbach	+49 3774 3342 10	+49 3774 3342 59
Lionsplatz 12e	98587	Schmalkalden	+49 4931 17299 10	+49 4931 17299 59
Im Bauernfeld 37b	16259	Neulewin	+49 33452 1394 10	+49 33452 1394 59
Zirkusstraße 44B	99887	Herrenhof	+49 36253 6198 10	+49 36253 6198 59
Birminghamstraße 36e	54523	Heckenmünster	+49 7946 77041 10	+49 7946 77041 59
Am Werk 31A	74248	Ellhofen	+49 7134 90844 10	+49 7134 90844 59
Dittersdorfer Straße 8F	77654	Offenburg	+49 781 96800 10	+49 781 96800 59
An der Kettenstraße 38g	79736	Rickenbach	+49 7765 2162 10	+49 7765 2162 59
Erich-Kästner-Straße 33c	76356	Weingarten	+49 7244 9397 10	+49 7244 9397 59
Georg-Thielen-Gasse 2c	19077	Uelitz	+49 3868 3091 10	+49 3868 3091 59
Hellersiedlung Weg H 25	27570	Bremerhaven	+49 471 95879 10	+49 471 95879 59
Rothschildallee 30a	24582	Bordesholm	+49 4322 8852 10	+49 4322 8852 59
Lübeckertordamm 25d	04519	Rackwitz	+49 34294 6345 10	+49 34294 6345 59
Hans-Rubbert-Straße 9e	54636	Altscheid	+49 6527 74096 10	+49 6527 74096 59
Hempelstraße 44a	07557	Zedlitz	+49 36603 6999 10	+49 36603 6999 59
Im Kammerdorf 32d	12047	Berlin	+49 30 188963 10	+49 30 188963 59
Geißlertwiete 11a	56479	Niederroßbach	+49 2664 4449 10	+49 2664 4449 59
Altlöbtau 12B	83727	Schliersee	+49 8026 20395 10	+49 8026 20395 59
Pohlandstraße 46e	71711	Murr	+49 7144 3277 10	+49 7144 3277 59
Ing. Alois Schwarz-Platz 42D	02999	Lohsa - Łaz	+49 35724 144 10	+49 35724 144 59
Boseweg 16a	17153	Kittendorf	+49 39955 2395 10	+49 39955 2395 59
Eichbühnweg 36	21227	Bendestorf	+49 451 14099 10	+49 451 14099 59
Wincklerstraße 21a	86845	Großaitingen	+49 8203 9633 10	+49 8203 9633 59
Steinmetzstraße 37	55471	Neuerkirch	+49 6761 9064 10	+49 6761 9064 59
Augustinstraße 37f	54427	Kell am See	+49 6589 84431 10	+49 6589 84431 59
Spökelbarg 13	27243	Beckeln	+49 4244 93958 10	+49 4244 93958 59
Schreberweg 49F	45879	Gelsenkirchen	+49 209 40228 10	+49 209 40228 59
Gregor Josef Werner-Straße 16A	10555	Berlin	+49 30 585950 10	+49 30 585950 59
Königslacherstraße 27c	07616	Petersberg	+49 36691 219 10	+49 36691 219 59
Schwansburg 16H	07613	Hartmannsdorf	+49 36693 1451 10	+49 36693 1451 59
Marienthaler Straße 43F	95519	Vorbach	+49 9205 68197 10	+49 9205 68197 59
Zorbachstraße 31A	81371	München	+49 89 189553 10	+49 89 189553 59
Rudolf-Walther-Straße 22C	78585	Bubsheim	+49 7429 43099 10	+49 7429 43099 59
Wacholderstraße 21G	53919	Weilerswist	+49 2254 95698 10	+49 2254 95698 59
Dottenfeldstraße 22C	61381	Friedrichsdorf	+49 6175 2315 10	+49 6175 2315 59
An der Bergkuppe 47B	13349	Berlin	+49 30 185995 10	+49 30 185995 59
Grüner Bergweg 25D	56291	Lingerhahn	+49 6746 66896 10	+49 6746 66896 59
Oberer Kaulberg 18E	66969	Lemberg	+49 6331 8439 10	+49 6331 8439 59
Frauenhofstraße 39g	54539	Zeltingen-Rachtig	+49 4484 77996 10	+49 4484 77996 59
Bosewitzer Straße 9	54614	Schönecken	+49 6553 80164 10	+49 6553 80164 59
Elsa-Brändström-Straße 42f	57635	Oberirsen	+49 2686 61590 10	+49 2686 61590 59
Hartl-Lucke 49c	19288	Lüblow	+49 9621 69054 10	+49 9621 69054 59
Meinhardtweg 31b	56761	Müllenbach	+49 2653 27593 10	+49 2653 27593 59
Finkenhofstraße 46C	07646	Tröbnitz	+49 36428 3195 10	+49 36428 3195 59
Bauhofstraße 21A	67361	Freisbach	+49 6344 92640 10	+49 6344 92640 59
Altgomlitz 45A	89186	Illerrieden	+49 7306 35792 10	+49 7306 35792 59
Gagernstraße 31	01816	Bad Gottleuba-Berggießhübel	+49 35023 2245 10	+49 35023 2245 59
Sutristraße 14G	12059	Berlin	+49 30 263037 10	+49 30 263037 59
Saalgasse 47c	04758	Liebschützberg	+49 3435 99643 10	+49 3435 99643 59
Königsdamm 24A	56070	Koblenz	+49 261 57965 10	+49 261 57965 59
Zellerhornstraße 46a	06577	Etzleben	+49 34673 2290 10	+49 34673 2290 59
Sporergasse 1C	56743	Thür	+49 2652 2099 10	+49 2652 2099 59
Niederpoyritzer Straße 34b	97232	Giebelstadt	+49 9334 67931 10	+49 9334 67931 59
Linnéstraße 42c	88483	Burgrieden	+49 7392 95436 10	+49 7392 95436 59
Heinrichstraße 2b	96274	Itzgrund	+49 9533 98948 10	+49 9533 98948 59
Kolbestraße 9f	25866	Mildstedt	+49 4861 96797 10	+49 4861 96797 59
Banscherhof 7c	27324	Hassel (Weser)	+49 4254 64597 10	+49 4254 64597 59
Rossittener Straße 44F	85625	Glonn	+49 8093 90030 10	+49 8093 90030 59
Reinskamp 35A	27798	Hude (Oldenburg)	+49 4408 92438 10	+49 4408 92438 59
Mörikestraße 13d	54655	Malberg	+49 8165 8030 10	+49 8165 8030 59
Banscherhof 26C	35713	Eschenburg	+49 2770 91940 10	+49 2770 91940 59
Grundstraße 34G	31555	Suthfeld	+49 5723 95691 10	+49 5723 95691 59
Kurzer Schritt 29B	86479	Aichen	+49 8284 4154 10	+49 8284 4154 59
Ullrich-Huber-Weg 6B	76776	Neuburg am Rhein	+49 7273 93641 10	+49 7273 93641 59
Am Querfeld 23d	25946	Norddorf auf Amrum	+49 4682 5063 10	+49 4682 5063 59
Spielsgasse 24b	38173	Dettum	+49 5333 77634 10	+49 5333 77634 59
Pommernstraße 29	17449	Trassenheide	+49 38371 169 10	+49 38371 169 59
Flößerstraße 49B	79194	Heuweiler	+49 7666 90388 10	+49 7666 90388 59
Mobschatzer Straße 24	66679	Losheim am See	+49 6872 96735 10	+49 6872 96735 59
Satzgasse 37C	78713	Dunningen	+49 3691 8071 10	+49 3691 8071 59
Alttorna 17a	37581	Bad Gandersheim	+49 5382 96533 10	+49 5382 96533 59
Langgartenstraße 4c	74232	Abstatt	+49 7062 51433 10	+49 7062 51433 59
Spökelbargring 23D	56767	Uersfeld	+49 2657 77645 10	+49 2657 77645 59
Weilbrunnstraße 35a	59423	Unna	+49 2303 95046 10	+49 2303 95046 59
Materniweg 23C	17391	Medow	+49 39728 1546 10	+49 39728 1546 59
Am Melbersee 12e	61389	Schmitten	+49 6084 3089 10	+49 6084 3089 59
Karl-Leicht-Straße 43D	84579	Unterneukirchen	+49 8634 98032 10	+49 8634 98032 59
Bernhard-Becker-Straße 46f	89568	Hermaringen	+49 7322 90694 10	+49 7322 90694 59
Grundweg 27a	09429	Wolkenstein	+49 37369 905 10	+49 37369 905 59
Neusiedler Straße 13A	94234	Viechtach	+49 9942 45314 10	+49 9942 45314 59
Ernst Summer-Straße 32a	57072	Siegen	+49 271 31870 10	+49 271 31870 59
Riedweg 15	25355	Bullenkuhlen	+49 431 80098 10	+49 431 80098 59
Kaulbachstraße 1E	79856	Hinterzarten	+49 7652 2392 10	+49 7652 2392 59
Lisa-Niebank-Weg 15b	07616	Graitschen bei Bürgel	+49 36692 2632 10	+49 36692 2632 59
Stendaler Straße 35A	57635	Kraam	+49 2686 61546 10	+49 2686 61546 59
Kirschensteg 9D	96361	Steinbach am Wald	+49 9263 68891 10	+49 9263 68891 59
Ernst-Merck-Brücke 41	01612	Glaubitz	+49 35265 1334 10	+49 35265 1334 59
Windmühlberggasse 49A	25842	Bordelum	+49 6502 99992 10	+49 6502 99992 59
Stephanstraße 41D	21614	Buxtehude	+49 4161 6002 10	+49 4161 6002 59
Nordstraße 44c	14947	Nuthe-Urstromtal	+49 3371 5841 10	+49 3371 5841 59
Delmer Bogen 13A	56566	Neuwied	+49 2631 87343 10	+49 2631 87343 59
Paul-Apel-Straße 41D	57610	Altenkirchen (Westerwald)	+49 2681 82696 10	+49 2681 82696 59
Garbenweg 2C	25761	Büsum	+49 4761 92610 10	+49 4761 92610 59
Wicker-Frosch-Straße 8b	08239	Bergen	+49 37463 905 10	+49 37463 905 59
Freudenberger Straße 7	65203	Wiesbaden	+49 611 51016 10	+49 611 51016 59
Akazienweg 6A	24799	Christiansholm	+49 4339 87395 10	+49 4339 87395 59
Sachsenplatz 40c	06279	Farnstädt	+49 34776 9836 10	+49 34776 9836 59
Stephan-Heise-Straße 47c	30900	Wedemark	+49 5130 94955 10	+49 5130 94955 59
Keltenstraße 10b	56355	Diethardt	+49 6772 4988 10	+49 6772 4988 59
Cretzschmarstraße 45b	47167	Duisburg	+49 203 75928 10	+49 203 75928 59
Schilfteichstraße 46	93468	Miltach	+49 9944 83427 10	+49 9944 83427 59
Franziusplatz 41b	59909	Bestwig	+49 2904 5240 10	+49 2904 5240 59
Immenlach 24E	94086	Bad Griesbach i.Rottal	+49 8532 64727 10	+49 8532 64727 59
Semmelweisstraße 30a	55608	Berschweiler bei Kirn	+49 6752 72692 10	+49 6752 72692 59
Fleckenbühlstraße 21A	28844	Weyhe	+49 4203 70002 10	+49 4203 70002 59
Ottostraße 19e	24994	Holt	+49 4605 1880 10	+49 4605 1880 59
Hermannstal 23d	56814	Greimersburg	+49 2671 20496 10	+49 2671 20496 59
Bibrachstraße 40A	06420	Könnern	+49 34691 3796 10	+49 34691 3796 59
Storchgasse 31C	24594	Grauel	+49 4871 5189 10	+49 4871 5189 59
Am Promigberg 23e	53902	Bad Münstereifel	+49 2253 18434 10	+49 2253 18434 59
Darmstädter Straße 24E	49584	Fürstenau	+49 5901 89939 10	+49 5901 89939 59
Buchenhain 7a	15838	Am Mellensee	+49 3341 5398 10	+49 3341 5398 59
Hohlweg 15h	54636	Bickendorf	+49 6569 86446 10	+49 6569 86446 59
Adalbertstraße 41C	55576	Badenheim	+49 6701 43536 10	+49 6701 43536 59
Semperplatz 49a	99518	Rannstedt	+49 36463 3153 10	+49 36463 3153 59
Am Kronenhügel 45e	19230	Picher	+49 38751 2639 10	+49 38751 2639 59
Rosenallee 48b	88634	Herdwangen-Schönach	+49 7557 74944 10	+49 7557 74944 59
Bechtenwaldstraße 12	66424	Homburg	+49 6841 96438 10	+49 6841 96438 59
Huswertstraße 12	21522	Hohnstorf (Elbe)	+49 4153 50862 10	+49 4153 50862 59
Hübnerstraße 14D	06386	Osternienburger Land	+49 36204 1494 10	+49 36204 1494 59
Alter Eichbuscher Weg 14	56858	Sosberg	+49 6545 3925 10	+49 6545 3925 59
Güterplatz 38C	44329	Dortmund	+49 231 28902 10	+49 231 28902 59
Friedrich-List-Platz 13f	45968	Gladbeck	+49 2043 4834 10	+49 2043 4834 59
Curt-Querner-Straße 41b	24256	Schlesen	+49 4303 2893 10	+49 4303 2893 59
Wiesenteich 17h	25779	Norderheistedt	+49 4836 75796 10	+49 4836 75796 59
Stazinäriweg 10	55234	Flomborn	+49 6735 3136 10	+49 6735 3136 59
Altomsewitz 12D	93494	Waffenbrunn	+49 9971 80823 10	+49 9971 80823 59
Scheibenackerweg 50C	87538	Bolsterlang	+49 8326 67343 10	+49 8326 67343 59
Quergasse 25e	24939	Flensburg	+49 461 50429 10	+49 461 50429 59
An der Autobahn 34a	76831	Billigheim-Ingenheim	+49 6349 9150 10	+49 6349 9150 59
Hartl-Lucke 34B	25560	Schenefeld	+49 4892 93937 10	+49 4892 93937 59
Ooser Friedrichstraße 30	56244	Sessenhausen	+49 2626 26034 10	+49 2626 26034 59
Sierichstraße 31	95473	Creußen	+49 9270 2153 10	+49 9270 2153 59
Ulmenau 7A	18513	Deyelsdorf	+49 38334 8633 10	+49 38334 8633 59
Kaltenbergen 28a	56346	Sankt Goarshausen	+49 5101 9224 10	+49 5101 9224 59
Amtsstraße 45d	82166	Gräfelfing	+49 89 568230 10	+49 89 568230 59
Jakobsplatz 11c	66894	Wiesbach	+49 6337 75046 10	+49 6337 75046 59
Sievekingdamm 14	94439	Roßbach	+49 8547 2024 10	+49 8547 2024 59
Anna-Angermann-Straße 21C	23795	Weede	+49 4551 89192 10	+49 4551 89192 59
Schellenbergerstraße 2A	85662	Hohenbrunn	+49 89 518182 10	+49 89 518182 59
Dorfstraße 11b	88263	Horgenzell	+49 7504 66992 10	+49 7504 66992 59
Ziegelhüttenweg 24c	24360	Barkelsby	+49 4358 69044 10	+49 4358 69044 59
Hans-Böckler-Straße 25A	36419	Geisa	+49 36967 8739 10	+49 36967 8739 59
Ehingerstraße 30E	73312	Deggingen	+49 6635 3475 10	+49 6635 3475 59
Wincklerstraße 22h	23936	Testorf-Steinfort	+49 38871 1742 10	+49 38871 1742 59
Am Stiegelschlag 2	27711	Osterholz-Scharmbeck	+49 4791 81032 10	+49 4791 81032 59
Steuernagelstraße 24A	56357	Kasdorf	+49 6772 8006 10	+49 6772 8006 59
Melitta-Bentz-Straße 15G	01069	Dresden	+49 351 44698 10	+49 351 44698 59
Großzschachwitzer Straße 3h	85560	Ebersberg	+49 8092 81698 10	+49 8092 81698 59
Stammfeldweg 37	97957	Wittighausen	+49 9347 2152 10	+49 9347 2152 59
Schützenhöhe 29A	38312	Ohrum	+49 5337 3185 10	+49 5337 3185 59
Prof.-Billroth-Straße 8b	54533	Schwarzenborn	+49 6567 76531 10	+49 6567 76531 59
Eichbergstraße 35	31073	Delligsen	+49 5187 95316 10	+49 5187 95316 59
Schellenbergerstraße 29	25719	Busenwurth	+49 4857 89130 10	+49 4857 89130 59
Lugaer Platz 11H	54636	Ingendorf	+49 6568 2450 10	+49 6568 2450 59
Lahnstraße 2a	17309	Nieden	+49 39740 8837 10	+49 39740 8837 59
Dietrich-Bonhoeffer-Weg 34b	24392	Süderbrarup	+49 4641 9869 10	+49 4641 9869 59
Tännichtstraße 14D	94081	Fürstenzell	+49 8502 71392 10	+49 8502 71392 59
Max-Beckmann-Straße 41	21514	Büchen	+49 4155 7191 10	+49 4155 7191 59
